id,label
933a5a5461084db29ddc167341ff2c8e,Wissenschaft
5c42caaf82694a21b26a485835f968b9,Wirtschaft
fa14eb116d2d4650bf6790d34fbb2ed6,Panorama
f57d6f3434c74ef09b1ef45ea384f016,Wissenschaft
8f83392d08f24838a489d057e598c390,Wirtschaft
7a1450092f564241a738c6072eeb0c4a,International
059b88dd97b4475d9cc38e947d7ad127,Kultur
9c3e0c643ff148c9bd450626d97a3b66,Etat
fbdda19566fd4e90817cc09b69f9ba9a,Kultur
60c0d2e4baf042388e5029114b6b07db,Etat
101dc8b279254d57b5dbd68a8ca8a95e,Panorama
b877681798ac4f5194501504c919d459,Wissenschaft
54504c7c59b0421ab71a146667dad9c8,International
0735ba4449e94bc68cfc0373ca15437d,Wirtschaft
b32334c709cd48fba45d628d34401922,Inland
0ef7fff5284145cfa5906abd6fee1e0d,Wissenschaft
f0f251ad60484c168f36f2e0fc893f99,Inland
d8b7a81a96c34170a6d54d68ebcc2bfc,Wissenschaft
5e38a8aeb38a452da2c9c632e1478be0,Wirtschaft
2e7a2164f28e400fbb4a4450294ca5c3,Inland
a871499e17bf4c4da72dc0753cd772f8,International
f8fd19571fe54efead037c7f4a0093b9,Etat
1807953d37494c05a57e83a49468039b,Etat
37702db2b1df4a729ff2357c8dbc3ab9,Panorama
b3d09bb98bbb4a0c8484193eaf5183c4,Kultur
aaaedefc66ad406d9e15f24c8691e4e7,International
ffbcaea86f514f649a90e19774d26fab,Panorama
81adb821e2ee45059b352a6273d5282b,Wirtschaft
b2326b89609d42a484495529bb61e006,Kultur
46641f7b472c44a0a22170772921e3be,Inland
5a5f59c0348444e49b97939360d59442,Panorama
657f41155bb949768b5a7db4782789e3,Wissenschaft
4ca2b5acf7ac4ecea139cfe626b36527,Web
2374d0d5688c49de8c9850a1341a35a9,Inland
24a358b3a0484997b71e70f4e8ec2426,Kultur
f7daa141ac17440db807af4cd65c0345,Panorama
f00eb6cd05c44f2983daad3bffff39d3,Wirtschaft
f3bf8c409a71471894a81df6a4921402,Sport
a849e69c90204ddca0348adfc93c54ea,Wissenschaft
42f0c3b103d6444686c0ecf04e82e2af,Inland
97b3347157b04f62a15391f5ab4eefc1,Etat
ffd5f4b989314a6895786fca698286b8,Inland
e02cdbdf99b24929a04a6783ca0ae0bd,Wirtschaft
900ea1d5076b4f7c9b6f264994b654d0,Inland
9c761031ca5a4ec6b046af1661b5eee8,Etat
db942d7c224b4ccdabd45d70a2e6a6d8,Etat
62228fe284354b009749969ce5d01ce1,Wirtschaft
fa000acb66174c4cbf96be4c4c0a9878,Sport
b0edda1332ca4dc88bdedb6aa12bf73e,Sport
62f3e4f060fe48b7b5e9ec1dedcfb801,Web
94186a20b243443cb4b83459700ccd83,International
10ee4321356a46bd9f875bc800ae1943,Wissenschaft
437bcd49b81248d1b43985442b255d05,Kultur
1145e6af82604312bd4969dac8e7ab6b,Inland
9d0ff41b746c448fba47679ff6dc5574,Web
6e76cbada9534a9bb9057f5662c3693f,Web
afda20bd43714f00af7f6d5e75cb0eda,Web
9265ae2f59e54b5793a94f40315c8ae0,Etat
49e825d4a87049ed8f470ee92b926ba2,Inland
f38226725292482fac5b33fde3197b16,Wirtschaft
83c164de5f2f4ab68078e939a4cc22cb,Web
b5e3ca5fcfd24d38bb32b0a0bc2a4c9a,Wissenschaft
edbcb4100935444a8b5539ba348c7101,Sport
11f925bdb6db4702b51ba7278460e090,Kultur
7cbb20913a5845e489e8a96557957ab7,Etat
68cd8b33df8d426db2381ce5226f7b1d,Web
5a4b5a286896441289dbd20fe3e2e2ff,Etat
27e74ace39e648ddb5eccef07a824ea2,Wissenschaft
fd69e95fc9204a1b8e706be526d902f7,Web
0755ba00e577439c8e56748b1f17ad80,Wirtschaft
14bcd6b5ede145f0a046006fbd521862,Wirtschaft
b9879fec3c594f17970a70e6851964e0,Wirtschaft
8f4c1cd9c6e945738915d550c681e2fc,Web
e071bc2ae78749a7873a9c5b682f3427,Wissenschaft
78dceed1d2b4484a9887e10b7a7f5ae9,Kultur
03ccfc1474e14d04ace9327ff1badd04,Etat
bb5c9da6372b454a8203a59986ecab55,Panorama
881af27303804ddd85c4f0a84ee32513,Sport
0cf6e92a50dd478c9528414b46a9661b,Wissenschaft
68f1d9c329314a79a81f554f8e0aab14,Etat
8a6e232dd63a4c62a644cfe0a2f787cd,Sport
633a54fd38ef40108fd937a8fa8b837f,Panorama
8e5cc25663724c3fbf40589763ce873c,Web
c8d2be312eec4aed8f5da1803fefa60b,Kultur
3746d8f195234f10ba2e756d52c43ef6,Sport
7389f5d227284cd4ac3a3dcffb14d9b4,International
aa66934d277644b38be623cbb283a09a,Kultur
dfe463d78925472485bc14d18c1e6c1e,Web
9a150778c9884adcb4a1ffb8058cd0ea,Wissenschaft
783cb2deec014d45b6a7cfc5d2664a83,Kultur
cd0bb906b861488dbdef361a2897739c,Web
a58ee131e202405db8b0c3187b548a2d,Kultur
63808b2bb25649d0b9cbc2717c6b9c45,Kultur
6808049917024bb1bf2f7ab7e58c5463,Panorama
10a4993dcb364e169290362842967cee,Wissenschaft
0e138dd72cb149ec9f2212836658a4d4,Kultur
8cc1ad8888e94ce991e77dfe3e7b132b,Wissenschaft
bb815fa0a3684122b7b1abb0b866a6e0,Wirtschaft
bbcaf6ee21064e2f9514b188030ad19f,Wirtschaft
f06a1e4947354832bdbaa0eea64d8362,Wissenschaft
